"Word","List","Case","Type","Response","Response_Type","Response.Noam","phoneme1","phoneme2","phoneme3","phoneme4","phoneme5","phoneme6","response_clean_old","response_clean_new"
"blance","Tr03","VC1","C","b_b_ l_l_  a_a_  _ n_n_ c_s_ e_#_","GP_RESPONSE","b_b_ l_l_  a_a_   n_n_ c_s_ e_#_","b","l","a","n","s","","blans","blans"
"brance","Tr03","VC1","C","b_b_ r_r_  a_a_  _ n_n_ c_s_ e_#_","GP_RESPONSE","b_b_ r_r_  a_a_   n_n_ c_s_ e_#_","b","r","a","n","s","","brans","brans"
"crance","Tr03","VC1","C","c_k_ r_r_  a_a_  _ n_n_ c_s_ e_#_","GP_RESPONSE","c_k_ r_r_  a_a_  n_n_ c_s_ e_#_","k","r","a","n","s","","krans","krans"
"drance","Tr03","VC1","C","d_d_ r_r_  a_a_  _ n_n_ c_s_ e_#_","GP_RESPONSE","d_d_ r_r_  a_a_  n_n_ c_s_ e_#_","d","r","a","n","s","","drans","drans"
"quance","Tr03","VC1","C","qu_kw_  a_a_  _ n_n_ c_s_ e_#_","GP_RESPONSE","qu_kw_  a_a_  n_n_ c_s_ e_#_","kw","a","n","s","","","kwans","kwans"
"sance","Tr03","VC1","C","s_s_ a_a_  a_a_  _ n_n_ c_s_ e_#_","GP_RESPONSE","s_s_ a_a_  n_n_ c_s_ e_#_","s","a","n","s","","","sans","sans"
"shance","Tr03","VC1","C","sh_S_  a_a_  _ n_n_ c_s_ e_#_","GP_RESPONSE","sh_S_  a_a_  n_n_ c_s_ e_#_","S","a","n","s","","","Sans","Sans"
"slance","Tr03","VC1","C","s_s_ l_l_  a_a_  _ n_n_ c_s_ e_#_","GP_RESPONSE","s_s_ l_l_  a_a_  n_n_ c_s_ e_#_","s","l","a","n","s","","slans","slans"
"snance","Tr03","VC1","C","s_s_ n_n_  a_a_  _ n_n_ c_s_ e_#_","GP_RESPONSE","s_s_ n_n_  a_a_  n_n_ c_s_ e_#_","s","n","a","n","s","","snans","snans"
"spance","Tr03","VC1","C","s_s_ p_p_  a_a_  _ n_n_ c_s_ e_#_","GP_RESPONSE","s_s_ p_p_  a_a_  n_n_ c_s_ e_#_","s","p","a","n","s","","spans","spans"
"blange","Tr03","VC1","E","b_b_ l_l_  a_a_  n_n_ g_dZ_ e_#_","GP_RESPONSE","b_b_ l_l_  a_a_  n_n_ g_dZ_ e_#_","b","l","a","n","dZ","","blandZ","blanJ"
"brange","Tr03","VC1","E","b_b_ r_r_  a_a_  n_n_ g_dZ_ e_#_","GP_RESPONSE","b_b_ r_r_  a_a_  n_n_ g_dZ_ e_#_","b","r","a","n","dZ","","brandZ","branJ"
"crange","Tr03","VC1","E","c_k_ r_r_  a_a_  n_n_ g_dZ_ e_#_","GP_RESPONSE","c_k_ r_r_  a_a_  n_n_ g_dZ_ e_#_","k","r","a","n","dZ","","krandZ","kranJ"
"drange","Tr03","VC1","E","d_d_ r_r_  a_a_  n_n_ g_dZ_ e_#_","GP_RESPONSE","d_d_ r_r_  a_a_  n_n_ g_dZ_ e_#_","d","r","a","n","dZ","","drandZ","dranJ"
"quange","Tr03","VC1","E","qu_kw_  a_a_  n_n_ g_dZ_ e_#_","GP_RESPONSE","qu_kw_  a_a_  n_n_ g_dZ_ e_#_","kw","a","n","dZ","","","kwandZ","kwanJ"
"sange","Tr03","VC1","E","s_s_ a_a_  a_a_  n_n_ g_dZ_ e_#_","GP_RESPONSE","s_s_ a_a_  n_n_ g_dZ_ e_#_","s","a","n","dZ","","","sandZ","sanJ"
"shange","Tr03","VC1","E","sh_S_  a_a_  n_n_ g_dZ_ e_#_","GP_RESPONSE","sh_S_  a_a_  n_n_ g_dZ_ e_#_","S","a","n","dZ","","","SandZ","SanJ"
"slange","Tr03","VC1","E","s_s_ l_l_  a_a_  n_n_ g_dZ_ e_#_","GP_RESPONSE","s_s_ l_l_  a_a_  n_n_ g_dZ_ e_#_","s","l","a","n","dZ","","slandZ","slanJ"
"snange","Tr03","VC1","E","s_s_ n_n_  a_a_  n_n_ g_dZ_ e_#_","GP_RESPONSE","s_s_ n_n_  a_a_  n_n_ g_dZ_ e_#_","s","n","a","n","dZ","","snandZ","snanJ"
"spange","Tr03","VC1","E","s_s_ p_p_  a_a_  n_n_ g_dZ_ e_#_","GP_RESPONSE","s_s_ p_p_  a_a_  n_n_ g_dZ_ e_#_","s","p","a","n","dZ","","spandZ","spanJ"
"frand","Tr03","VC2","C","f_f_ r_r_  a_a_  n_n_ d_d_","GP_RESPONSE","f_f_ r_r_  a_a_  n_n_ d_d_","f","r","a","n","d","","frand","frand"
"nand","Tr03","VC2","C","n_n_  a_a_  n_n_ d_d_","GP_RESPONSE","n_n_  a_a_  n_n_ d_d_","n","a","n","d","","","nand","nand"
"shand","Tr03","VC2","C","sh_S_   a_a_  n_n_ d_d_","GP_RESPONSE","sh_S_   a_a_  n_n_ d_d_","S","a","n","d","","","Sand","Sand"
"tand","Tr03","VC2","C","t_t_  a_a_  n_n_ d_d_","GP_RESPONSE","t_t_  a_a_  n_n_ d_d_","t","a","n","d","","","tand","tand"
"yand","Tr03","VC2","C","y_j_  a_a_  n_n_ d_d_","GP_RESPONSE","y_j_  a_a_  n_n_ d_d_","j","a","n","d","","","jand","jand"
"dant","Tr03","VC2","C","d_d_  a_a_  n_n_ t_t_","GP_RESPONSE","d_d_  a_a_  n_n_ t_t_","d","a","n","t","","","dant","dant"
"frant","Tr03","VC2","C","f_f_ r_r_  a_a_  n_n_ t_t_","GP_RESPONSE","f_f_ r_r_  a_a_  n_n_ t_t_","f","r","a","n","t","","frant","frant"
"nant","Tr03","VC2","C","n_n_  a_a_  n_n_ t_t_","GP_RESPONSE","n_n_  a_a_  n_n_ t_t_","n","a","n","t","","","nant","nant"
"prant","Tr03","VC2","C","p_p_ r_r_  a_a_  n_n_ t_t_","GP_RESPONSE","p_p_ r_r_  a_a_  n_n_ t_t_","p","r","a","n","t","","prant","prant"
"tant","Tr03","VC2","C","t_t_  a_a_  n_n_ t_t_","GP_RESPONSE","t_t_  a_a_  n_n_ t_t_","t","a","n","t","","","tant","tant"
"dald","Tr03","VC2","E","d_d_  a_a_   l_5_ d_d_","GP_RESPONSE","d_d_  a_a_   l_5_ d_d_","d","a","5","d","","","da5d","da5d"
"frald","Tr03","VC2","E","f_f_ r_r_  a_a_   l_5_ d_d_","GP_RESPONSE","f_f_ r_r_  a_a_   l_5_ d_d_","f","r","a","5","d","","fra5d","fra5d"
"nald","Tr03","VC2","E","n_n_  a_a_   l_5_ d_d_","GP_RESPONSE","n_n_  a_a_   l_5_ d_d_","n","a","5","d","","","na5d","na5d"
"shald","Tr03","VC2","E","sh_S_   a_a_   l_5_ d_d_","GP_RESPONSE","sh_S_   a_a_   l_5_ d_d_","S","a","5","d","","","Sa5d","Sa5d"
"tald","Tr03","VC2","E","t_t_  a_a_   l_5_ d_d_","GP_RESPONSE","t_t_  a_a_   l_5_ d_d_","t","a","5","d","","","ta5d","ta5d"
"yald","Tr03","VC2","E","y_j_  a_a_   l_5_ d_d_","GP_RESPONSE","y_j_  a_a_   l_5_ d_d_","j","a","5","d","","","ja5d","ja5d"
"fralt","Tr03","VC2","E","f_f_ r_r_  a_a_   l_5_ t_t_","GP_RESPONSE","f_f_ r_r_  a_a_   l_5_ t_t_","f","r","a","5","t","","fra5t","fra5t"
"nalt","Tr03","VC2","E","n_n_  a_a_   l_5_ t_t_","GP_RESPONSE","n_n_  a_a_   l_5_ t_t_","n","a","5","t","","","na5t","na5t"
"pralt","Tr03","VC2","E","p_p_ r_r_  a_a_   l_5_ t_t_","GP_RESPONSE","p_p_ r_r_  a_a_   l_5_ t_t_","p","r","a","5","t","","pra5t","pra5t"
"talt","Tr03","VC2","E","t_t_  a_a_   l_5_ t_t_","GP_RESPONSE","t_t_  a_a_   l_5_ t_t_","t","a","5","t","","","ta5t","ta5t"
"spleab","Tr03","VC3","C","s_s_ p_p_ l_l_  ea_i_ b_b_","GP_RESPONSE","s_s_ p_p_ l_l_  ea_i_ b_b_","s","p","l","i","b","","splib","splib"
"yeab","Tr03","VC3","C","y_j_  ea_i_ b_b_","GP_RESPONSE","y_j_  ea_i_ b_b_","j","i","b","","","","jib","jib"
"cheal","Tr03","VC3","C","ch_tS_  ea_i_  l_5_","GP_RESPONSE","ch_tS_  ea_i_  l_5_","tS","i","5","","","","tSi5","Qi5"
"preal","Tr03","VC3","C","p_p_ r_r_  ea_i_  l_5_","GP_RESPONSE","p_p_ r_r_  ea_i_  l_5_","p","r","i","5","","","pri5","pri5"
"streal","Tr03","VC3","C","s_s_ t_t_ r_r_  ea_i_  l_5_","GP_RESPONSE","s_s_ t_t_ r_r_  ea_i_  l_5_","s","t","r","i","5","","stri5","stri5"
"cleam","Tr03","VC3","C","c_k_ l_l_  ea_i_  m_m_","GP_RESPONSE","c_k_ l_l_  ea_i_  m_m_","k","l","i","m","","","klim","klim"
"queam","Tr03","VC3","C","qu_kw_  ea_i_  m_m_","GP_RESPONSE","qu_kw_  ea_i_  m_m_","kw","i","m","","","","kwim","kwim"
"squean","Tr03","VC3","C","s_s_ qu_kw_  ea_i_ n_n_","GP_RESPONSE","s_s_ qu_kw_  ea_i_ n_n_","s","kw","i","n","","","skwin","skwin"
"swean","Tr03","VC3","C","s_s_ w_w_  ea_i_ n_n_","GP_RESPONSE","s_s_ w_w_  ea_i_ n_n_","s","w","i","n","","","swin","swin"
"gleap","Tr03","VC3","C","g_g_ l_l_  ea_i_ p_p_","GP_RESPONSE","g_g_ l_l_  ea_i_ p_p_","g","l","i","p","","","glip","glip"
"chead","Tr03","VC3","E","ch_tS_  ea_i_ d_d_","GP_RESPONSE","ch_tS_  ea_i_ d_d_","tS","i","d","","","","tSid","Qid"
"clead","Tr03","VC3","E","c_k_ l_l_  ea_i_ d_d_","GP_RESPONSE","c_k_ l_l_  ea_i_ d_d_","k","l","i","d","","","klid","klid"
"glead","Tr03","VC3","E","g_g_ l_l_  ea_i_ d_d_","GP_RESPONSE","g_g_ l_l_  ea_i_ d_d_","g","l","i","d","","","glid","glid"
"pread","Tr03","VC3","E","p_p_ r_r_  ea_i_ d_d_","GP_RESPONSE","p_p_ r_r_  ea_i_ d_d_","p","r","i","d","","","prid","prid"
"quead","Tr03","VC3","E","qu_kw_  ea_i_ d_d_","GP_RESPONSE","qu_kw_  ea_i_ d_d_","kw","i","d","","","","kwid","kwid"
"splead","Tr03","VC3","E","s_s_ p_p_ l_l_  ea_i_ d_d_","GP_RESPONSE","s_s_ p_p_ l_l_  ea_i_ d_d_","s","p","l","i","d","","splid","splid"
"squead","Tr03","VC3","E","s_s_ qu_kw_  ea_i_ d_d_","GP_RESPONSE","s_s_ qu_kw_  ea_i_ d_d_","s","kw","i","d","","","skwid","skwid"
"stread","Tr03","VC3","E","s_s_ t_t_ r_r_  ea_i_ d_d_","GP_RESPONSE","s_s_ t_t_ r_r_  ea_i_ d_d_","s","t","r","i","d","","strid","strid"
"swead","Tr03","VC3","E","s_s_ w_w_  ea_i_ d_d_","GP_RESPONSE","s_s_ w_w_  ea_i_ d_d_","s","w","i","d","","","swid","swid"
"yead","Tr03","VC3","E","y_j_  ea_i_ d_d_","GP_RESPONSE","y_j_  ea_i_ d_d_","j","i","d","","","","jid","jid"
"brilt","Tr03","VC4","C","b_b_ r_r_  i_I_  l_5_ t_t_","GP_RESPONSE","b_b_ r_r_  i_I_  l_5_ t_t_","b","r","I","5","t","","brI5t","brI5t"
"snilt","Tr03","VC4","C","s_s_ n_n_  i_I_  l_5_ t_t_","GP_RESPONSE","s_s_ n_n_  i_I_  l_5_ t_t_","s","n","I","5","t","","snI5t","snI5t"
"swilt","Tr03","VC4","C","s_s_ w_w_  i_I_  l_5_ t_t_","GP_RESPONSE","s_s_ w_w_  i_I_  l_5_ t_t_","s","w","I","5","t","","swI5t","swI5t"
"ilt","Tr03","VC4","C","  i_I_  l_5_ t_t_","GP_RESPONSE","  i_I_  l_5_ t_t_","I","5","t","","","","I5t","I5t"
"chint","Tr03","VC4","C","ch_tS_  i_I_ n_n_ t_t_","GP_RESPONSE","ch_tS_  i_I_ n_n_ t_t_","tS","I","n","t","","","tSInt","QInt"
"crint","Tr03","VC4","C","c_k_ r_r_  i_I_ n_n_ t_t_","GP_RESPONSE","c_k_ r_r_  i_I_ n_n_ t_t_","k","r","I","n","t","","krInt","krInt"
"drint","Tr03","VC4","C","d_d_ r_r_  i_I_ n_n_ t_t_","GP_RESPONSE","d_d_ r_r_  i_I_ n_n_ t_t_","d","r","I","n","t","","drInt","drInt"
"shrint","Tr03","VC4","C","sh_S_ r_r_  i_I_ n_n_ t_t_","GP_RESPONSE","sh_S_ r_r_  i_I_ n_n_ t_t_","S","r","I","n","t","","SrInt","SrInt"
"slint","Tr03","VC4","C","s_s_ l_l_  i_I_ n_n_ t_t_","GP_RESPONSE","s_s_ l_l_  i_I_ n_n_ t_t_","s","l","I","n","t","","slInt","slInt"
"smint","Tr03","VC4","C","s_s_ m_m_  i_I_ n_n_ t_t_","GP_RESPONSE","s_s_ m_m_  i_I_ n_n_ t_t_","s","m","I","n","t","","smInt","smInt"
"brild","Tr03","VC4","E","b_b_ r_r_  i_I_ l_5_ d_d_","GP_RESPONSE","b_b_ r_r_  i_I_ l_5_ d_d_","b","r","I","5","d","","brI5d","brI5d"
"snild","Tr03","VC4","E","s_s_ n_n_  i_I_ l_5_ d_d_","GP_RESPONSE","s_s_ n_n_  i_I_ l_5_ d_d_","s","n","I","5","d","","snI5d","snI5d"
"swild","Tr03","VC4","E","s_s_ w_w_  i_I_ l_5_ d_d_","GP_RESPONSE","s_s_ w_w_  i_I_ l_5_ d_d_","s","w","I","5","d","","swI5d","swI5d"
"ild","Tr03","VC4","E","  i_I_ l_5_ d_d_","GP_RESPONSE","  i_I_ l_5_ d_d_","I","5","d","","","","I5d","I5d"
"chind","Tr03","VC4","E","ch_tS_  i_I_  n_n_ d_d_","GP_RESPONSE","ch_tS_  i_I_  n_n_ d_d_","tS","I","n","d","","","tSInd","QInd"
"crind","Tr03","VC4","E","c_k_ r_r_  i_I_  n_n_ d_d_","GP_RESPONSE","c_k_ r_r_  i_I_  n_n_ d_d_","k","r","I","n","d","","krInd","krInd"
"drind","Tr03","VC4","E","d_d_ r_r_  i_I_  n_n_ d_d_","GP_RESPONSE","d_d_ r_r_  i_I_  n_n_ d_d_","d","r","I","n","d","","drInd","drInd"
"shrind","Tr03","VC4","E","sh_S_ r_r_  i_I_  n_n_ d_d_","GP_RESPONSE","sh_S_ r_r_  i_I_  n_n_ d_d_","S","r","I","n","d","","SrInd","SrInd"
"slind","Tr03","VC4","E","s_s_ l_l_  i_I_  n_n_ d_d_","GP_RESPONSE","s_s_ l_l_  i_I_  n_n_ d_d_","s","l","I","n","d","","slInd","slInd"
"smind","Tr03","VC4","E","s_s_ m_m_  i_I_  n_n_ d_d_","GP_RESPONSE","s_s_ m_m_  i_I_  n_n_ d_d_","s","m","I","n","d","","smInd","smInd"
"brond","Tr03","VC5","C","b_b_ r_r_ o_A_  n_n_ d_d_","GP_RESPONSE","b_b_ r_r_ o_A_  n_n_ d_d_","b","r","A","n","d","","brAnd","brAnd"
"chond","Tr03","VC5","C","ch_tS_ o_A_  n_n_ d_d_","GP_RESPONSE","ch_tS_ o_A_  n_n_ d_d_","tS","A","n","d","","","tSAnd","QAnd"
"crond","Tr03","VC5","C","c_k_ r_r_ o_A_  n_n_ d_d_","GP_RESPONSE","c_k_ r_r_ o_A_  n_n_ d_d_","k","r","A","n","d","","krAnd","krAnd"
"jond","Tr03","VC5","C","j_dZ_ o_A_  n_n_ d_d_","GP_RESPONSE","j_dZ_ o_A_  n_n_ d_d_","dZ","A","n","d","","","dZAnd","JAnd"
"prond","Tr03","VC5","C","p_p_ r_r_ o_A_  n_n_ d_d_","GP_RESPONSE","p_p_ r_r_ o_A_  n_n_ d_d_","p","r","A","n","d","","prAnd","prAnd"
"gont","Tr03","VC5","C","g_g_ o_A_ n_n_ t_t_","GP_RESPONSE","g_g_ o_A_ n_n_ t_t_","g","A","n","t","","","gAnt","gAnt"
"nont","Tr03","VC5","C","n_n_ o_A_ n_n_ t_t_","GP_RESPONSE","n_n_ o_A_ n_n_ t_t_","n","A","n","t","","","nAnt","nAnt"
"pont","Tr03","VC5","C","p_p_ r_r_ o_A_ n_n_ t_t_","GP_RESPONSE","p_p_ r_r_ o_A_ n_n_ t_t_","p","r","A","n","t","","prAnt","prAnt"
"ront","Tr03","VC5","C","r_r_ o_A_ n_n_ t_t_","GP_RESPONSE","r_r_ o_A_ n_n_ t_t_","r","A","n","t","","","rAnt","rAnt"
"sont","Tr03","VC5","C","s_s_ o_A_ n_n_ t_t_","GP_RESPONSE","s_s_ o_A_ n_n_ t_t_","s","A","n","t","","","sAnt","sAnt"
"brold","Tr03","VC5","E","b_b_ r_r_ o_A_  l_5_ d_d_","GP_RESPONSE","b_b_ r_r_ o_A_  l_5_ d_d_","b","r","A","5","d","","brA5d","brA5d"
"chold","Tr03","VC5","E","ch_tS_ o_A_  l_5_ d_d_","GP_RESPONSE","ch_tS_ o_A_  l_5_ d_d_","tS","A","5","d","","","tSA5d","QA5d"
"crold","Tr03","VC5","E","c_k_ r_r_ o_A_  l_5_ d_d_","GP_RESPONSE","c_k_ r_r_ o_A_  l_5_ d_d_","k","r","A","5","d","","krA5d","krA5d"
"jold","Tr03","VC5","E","j_dZ_ o_A_  l_5_ d_d_","GP_RESPONSE","j_dZ_ o_A_  l_5_ d_d_","dZ","A","5","d","","","dZA5d","JA5d"
"prold","Tr03","VC5","E","p_p_ r_r_ o_A_  l_5_ d_d_","GP_RESPONSE","p_p_ r_r_ o_A_  l_5_ d_d_","p","r","A","5","d","","prA5d","prA5d"
"golt","Tr03","VC5","E","g_g_ o_A_  l_5_ t_t_","GP_RESPONSE","g_g_ o_A_  l_5_ t_t_","g","A","5","t","","","gA5t","gA5t"
"nolt","Tr03","VC5","E","n_n_ o_A_  l_5_ t_t_","GP_RESPONSE","n_n_ o_A_  l_5_ t_t_","n","A","5","t","","","nA5t","nA5t"
"polt","Tr03","VC5","E","p_p_ r_r_ o_A_  l_5_ t_t_","GP_RESPONSE","p_p_ r_r_ o_A_  l_5_ t_t_","p","r","A","5","t","","prA5t","prA5t"
"rolt","Tr03","VC5","E","r_r_ o_A_  l_5_ t_t_","GP_RESPONSE","r_r_ o_A_  l_5_ t_t_","r","A","5","t","","","rA5t","rA5t"
"solt","Tr03","VC5","E","s_s_ o_A_  l_5_ t_t_","GP_RESPONSE","s_s_ o_A_  l_5_ t_t_","s","A","5","t","","","sA5t","sA5t"
"cloom","Tr03","VC6","C","c_k_ l_l_ oo_u_ m_m_","GP_RESPONSE","c_k_ l_l_ oo_u_ m_m_","k","l","u","m","","","klum","klum"
"poom","Tr03","VC6","C","p_p_ oo_u_ m_m_","GP_RESPONSE","p_p_ oo_u_ m_m_","p","u","m","","","","pum","pum"
"proom","Tr03","VC6","C","p_p_ r_r_ oo_u_ m_m_","GP_RESPONSE","p_p_ r_r_ oo_u_ m_m_","p","r","u","m","","","prum","prum"
"sloom","Tr03","VC6","C","s_s_ l_l_ oo_u_ m_m_","GP_RESPONSE","s_s_ l_l_ oo_u_ m_m_","s","l","u","m","","","slum","slum"
"bloon","Tr03","VC6","C","b_b_ l_l_ oo_u_ n_n_","GP_RESPONSE","b_b_ l_l_ oo_u_ n_n_","b","l","u","n","","","blun","blun"
"droon","Tr03","VC6","C","d_d_ r_r_ oo_u_ n_n_","GP_RESPONSE","d_d_ r_r_ oo_u_ n_n_","d","r","u","n","","","drun","drun"
"gloon","Tr03","VC6","C","g_g_ l_l_ oo_u_ n_n_","GP_RESPONSE","g_g_ l_l_ oo_u_ n_n_","g","l","u","n","","","glun","glun"
"groon","Tr03","VC6","C","g_g_ r_r_ oo_u_ n_n_","GP_RESPONSE","g_g_ r_r_ oo_u_ n_n_","g","r","u","n","","","grun","grun"
"ploon","Tr03","VC6","C","p_p_ l_l_ oo_u_ n_n_","GP_RESPONSE","p_p_ l_l_ oo_u_ n_n_","p","l","u","n","","","plun","plun"
"troon","Tr03","VC6","C","t_t_ r_r_  oo_u_ n_n_","GP_RESPONSE","t_t_ r_r_  oo_u_ n_n_","t","r","u","n","","","trun","trun"
"blook","Tr03","VC6","E","b_b_ l_l_ oo_u_ k_k_","GP_RESPONSE","b_b_ l_l_ oo_u_ k_k_","b","l","u","k","","","bluk","bluk"
"clook","Tr03","VC6","E","c_k_ l_l_ oo_u_ k_k_","GP_RESPONSE","c_k_ l_l_ oo_u_ k_k_","k","l","u","k","","","kluk","kluk"
"drook","Tr03","VC6","E","d_d_ r_r_ oo_u_ k_k_","GP_RESPONSE","d_d_ r_r_ oo_u_ k_k_","d","r","u","k","","","druk","druk"
"glook","Tr03","VC6","E","g_g_ l_l_ oo_u_ k_k_","GP_RESPONSE","g_g_ l_l_ oo_u_ k_k_","g","l","u","k","","","gluk","gluk"
"grook","Tr03","VC6","E","g_g_ r_r_ oo_u_ k_k_","GP_RESPONSE","g_g_ r_r_ oo_u_ k_k_","g","r","u","k","","","gruk","gruk"
"pook","Tr03","VC6","E","p_p_ oo_u_ k_k_","GP_RESPONSE","p_p_ oo_u_ k_k_","p","u","k","","","","puk","puk"
"plook","Tr03","VC6","E","p_p_ l_l_ oo_u_ k_k_","GP_RESPONSE","p_p_ l_l_ oo_u_ k_k_","p","l","u","k","","","pluk","pluk"
"prook","Tr03","VC6","E","p_p_ r_r_ oo_u_ k_k_","GP_RESPONSE","p_p_ r_r_ oo_u_ k_k_","p","r","u","k","","","pruk","pruk"
"slook","Tr03","VC6","E","s_s_ l_l_ oo_u_ k_k_","GP_RESPONSE","s_s_ l_l_ oo_u_ k_k_","s","l","u","k","","","sluk","sluk"
"trook","Tr03","VC6","E","t_t_ r_r_ oo_u_ k_k_","GP_RESPONSE","t_t_ r_r_ oo_u_ k_k_","t","r","u","k","","","truk","truk"
"blance","Tr03","VC1","C","b_b_ l_l_  a_e_ _ n_n_ c_s_ e_#_","ALT_RESPONSE","b_b_ l_l_  a_e_ n_n_ c_s_ e_#_","b","l","e","n","s","","blens","blens"
"brance","Tr03","VC1","C","b_b_ r_r_  a_e_ _ n_n_ c_s_ e_#_","ALT_RESPONSE","b_b_ r_r_  a_e_ n_n_ c_s_ e_#_","b","r","e","n","s","","brens","brens"
"crance","Tr03","VC1","C","c_k_ r_r_  a_e_ _ n_n_ c_s_ e_#_","ALT_RESPONSE","c_k_ r_r_  a_e_ n_n_ c_s_ e_#_","k","r","e","n","s","","krens","krens"
"drance","Tr03","VC1","C","d_d_ r_r_  a_e_ _ n_n_ c_s_ e_#_","ALT_RESPONSE","d_d_ r_r_  a_e_ n_n_ c_s_ e_#_","d","r","e","n","s","","drens","drens"
"quance","Tr03","VC1","C","qu_kw_  a_e_ _ n_n_ c_s_ e_#_","ALT_RESPONSE","qu_kw_  a_e_ n_n_ c_s_ e_#_","kw","e","n","s","","","kwens","kwens"
"sance","Tr03","VC1","C","s_s_ a_a_  a_e_ _ n_n_ c_s_ e_#_","ALT_RESPONSE","s_s_ a_e_ n_n_ c_s_ e_#_","s","e","n","s","","","sens","sens"
"shance","Tr03","VC1","C","sh_S_  a_e_ _ n_n_ c_s_ e_#_","ALT_RESPONSE","sh_S_  a_e_ n_n_ c_s_ e_#_","S","e","n","s","","","Sens","Sens"
"slance","Tr03","VC1","C","s_s_ l_l_  a_e_ _ n_n_ c_s_ e_#_","ALT_RESPONSE","s_s_ l_l_  a_e_ n_n_ c_s_ e_#_","s","l","e","n","s","","slens","slens"
"snance","Tr03","VC1","C","s_s_ n_n_  a_e_ _ n_n_ c_s_ e_#_","ALT_RESPONSE","s_s_ n_n_  a_e_ n_n_ c_s_ e_#_","s","n","e","n","s","","snens","snens"
"spance","Tr03","VC1","C","s_s_ p_p_  a_e_ _ n_n_ c_s_ e_#_","ALT_RESPONSE","s_s_ p_p_  a_e_ n_n_ c_s_ e_#_","s","p","e","n","s","","spens","spens"
"blange","Tr03","VC1","E","b_b_ l_l_  a_e_ n_n_ g_dZ_ e_#_","ALT_RESPONSE","b_b_ l_l_  a_e_ n_n_ g_dZ_ e_#_","b","l","e","n","dZ","","blendZ","blenJ"
"brange","Tr03","VC1","E","b_b_ r_r_  a_e_ n_n_ g_dZ_ e_#_","ALT_RESPONSE","b_b_ r_r_  a_e_ n_n_ g_dZ_ e_#_","b","r","e","n","dZ","","brendZ","brenJ"
"crange","Tr03","VC1","E","c_k_ r_r_  a_e_ n_n_ g_dZ_ e_#_","ALT_RESPONSE","c_k_ r_r_  a_e_ n_n_ g_dZ_ e_#_","k","r","e","n","dZ","","krendZ","krenJ"
"drange","Tr03","VC1","E","d_d_ r_r_  a_e_ n_n_ g_dZ_ e_#_","ALT_RESPONSE","d_d_ r_r_  a_e_ n_n_ g_dZ_ e_#_","d","r","e","n","dZ","","drendZ","drenJ"
"quange","Tr03","VC1","E","qu_kw_  a_e_ n_n_ g_dZ_ e_#_","ALT_RESPONSE","qu_kw_  a_e_ n_n_ g_dZ_ e_#_","kw","e","n","dZ","","","kwendZ","kwenJ"
"sange","Tr03","VC1","E","s_s_ a_a_  a_e_ n_n_ g_dZ_ e_#_","ALT_RESPONSE","s_s_ a_e_ n_n_ g_dZ_ e_#_","s","e","n","dZ","","","sendZ","senJ"
"shange","Tr03","VC1","E","sh_S_  a_e_ n_n_ g_dZ_ e_#_","ALT_RESPONSE","sh_S_  a_e_ n_n_ g_dZ_ e_#_","S","e","n","dZ","","","SendZ","SenJ"
"slange","Tr03","VC1","E","s_s_ l_l_  a_e_ n_n_ g_dZ_ e_#_","ALT_RESPONSE","s_s_ l_l_  a_e_ n_n_ g_dZ_ e_#_","s","l","e","n","dZ","","slendZ","slenJ"
"snange","Tr03","VC1","E","s_s_ n_n_  a_e_ n_n_ g_dZ_ e_#_","ALT_RESPONSE","s_s_ n_n_  a_e_ n_n_ g_dZ_ e_#_","s","n","e","n","dZ","","snendZ","snenJ"
"spange","Tr03","VC1","E","s_s_ p_p_  a_e_ n_n_ g_dZ_ e_#_","ALT_RESPONSE","s_s_ p_p_  a_e_ n_n_ g_dZ_ e_#_","s","p","e","n","dZ","","spendZ","spenJ"
"frand","Tr03","VC2","C","f_f_ r_r_ a_O_ n_n_ d_d_","ALT_RESPONSE","f_f_ r_r_ a_O_ n_n_ d_d_","f","r","O","n","d","","frOnd","frOnd"
"nand","Tr03","VC2","C","n_n_ a_O_ n_n_ d_d_","ALT_RESPONSE","n_n_ a_O_ n_n_ d_d_","n","O","n","d","","","nOnd","nOnd"
"shand","Tr03","VC2","C","sh_S_  a_O_ n_n_ d_d_","ALT_RESPONSE","sh_S_  a_O_ n_n_ d_d_","S","O","n","d","","","SOnd","SOnd"
"tand","Tr03","VC2","C","t_t_ a_O_ n_n_ d_d_","ALT_RESPONSE","t_t_ a_O_ n_n_ d_d_","t","O","n","d","","","tOnd","tOnd"
"yand","Tr03","VC2","C","y_j_ a_O_ n_n_ d_d_","ALT_RESPONSE","y_j_ a_O_ n_n_ d_d_","j","O","n","d","","","jOnd","jOnd"
"dant","Tr03","VC2","C","d_d_ a_O_ n_n_ t_t_","ALT_RESPONSE","d_d_ a_O_ n_n_ t_t_","d","O","n","t","","","dOnt","dOnt"
"frant","Tr03","VC2","C","f_f_ r_r_ a_O_ n_n_ t_t_","ALT_RESPONSE","f_f_ r_r_ a_O_ n_n_ t_t_","f","r","O","n","t","","frOnt","frOnt"
"nant","Tr03","VC2","C","n_n_ a_O_ n_n_ t_t_","ALT_RESPONSE","n_n_ a_O_ n_n_ t_t_","n","O","n","t","","","nOnt","nOnt"
"prant","Tr03","VC2","C","p_p_ r_r_ a_O_ n_n_ t_t_","ALT_RESPONSE","p_p_ r_r_ a_O_ n_n_ t_t_","p","r","O","n","t","","prOnt","prOnt"
"tant","Tr03","VC2","C","t_t_ a_O_ n_n_ t_t_","ALT_RESPONSE","t_t_ a_O_ n_n_ t_t_","t","O","n","t","","","tOnt","tOnt"
"dald","Tr03","VC2","E","d_d_ a_O_  l_5_ d_d_","ALT_RESPONSE","d_d_ a_O_  l_5_ d_d_","d","O","5","d","","","dO5d","dO5d"
"frald","Tr03","VC2","E","f_f_ r_r_ a_O_  l_5_ d_d_","ALT_RESPONSE","f_f_ r_r_ a_O_  l_5_ d_d_","f","r","O","5","d","","frO5d","frO5d"
"nald","Tr03","VC2","E","n_n_ a_O_  l_5_ d_d_","ALT_RESPONSE","n_n_ a_O_  l_5_ d_d_","n","O","5","d","","","nO5d","nO5d"
"shald","Tr03","VC2","E","sh_S_  a_O_  l_5_ d_d_","ALT_RESPONSE","sh_S_  a_O_  l_5_ d_d_","S","O","5","d","","","SO5d","SO5d"
"tald","Tr03","VC2","E","t_t_ a_O_  l_5_ d_d_","ALT_RESPONSE","t_t_ a_O_  l_5_ d_d_","t","O","5","d","","","tO5d","tO5d"
"yald","Tr03","VC2","E","y_j_ a_O_  l_5_ d_d_","ALT_RESPONSE","y_j_ a_O_  l_5_ d_d_","j","O","5","d","","","jO5d","jO5d"
"fralt","Tr03","VC2","E","f_f_ r_r_ a_O_  l_5_ t_t_","ALT_RESPONSE","f_f_ r_r_ a_O_  l_5_ t_t_","f","r","O","5","t","","frO5t","frO5t"
"nalt","Tr03","VC2","E","n_n_ a_O_  l_5_ t_t_","ALT_RESPONSE","n_n_ a_O_  l_5_ t_t_","n","O","5","t","","","nO5t","nO5t"
"pralt","Tr03","VC2","E","p_p_ r_r_ a_O_  l_5_ t_t_","ALT_RESPONSE","p_p_ r_r_ a_O_  l_5_ t_t_","p","r","O","5","t","","prO5t","prO5t"
"talt","Tr03","VC2","E","t_t_ a_O_  l_5_ t_t_","ALT_RESPONSE","t_t_ a_O_  l_5_ t_t_","t","O","5","t","","","tO5t","tO5t"
"spleab","Tr03","VC3","C","s_s_ p_p_ l_l_ ea_E_ b_b_","ALT_RESPONSE","s_s_ p_p_ l_l_ ea_E_ b_b_","s","p","l","E","b","","splEb","splEb"
"yeab","Tr03","VC3","C","y_j_ ea_E_ b_b_","ALT_RESPONSE","y_j_ ea_E_ b_b_","j","E","b","","","","jEb","jEb"
"cheal","Tr03","VC3","C","ch_tS_ ea_E_  l_5_","ALT_RESPONSE","ch_tS_ ea_E_  l_5_","tS","E","5","","","","tSE5","QE5"
"preal","Tr03","VC3","C","p_p_ r_r_ ea_E_  l_5_","ALT_RESPONSE","p_p_ r_r_ ea_E_  l_5_","p","r","E","5","","","prE5","prE5"
"streal","Tr03","VC3","C","s_s_ t_t_ r_r_ ea_E_  l_5_","ALT_RESPONSE","s_s_ t_t_ r_r_ ea_E_  l_5_","s","t","r","E","5","","strE5","strE5"
"cleam","Tr03","VC3","C","c_k_ l_l_ ea_E_  m_m_","ALT_RESPONSE","c_k_ l_l_ ea_E_  m_m_","k","l","E","m","","","klEm","klEm"
"queam","Tr03","VC3","C","qu_kw_ ea_E_  m_m_","ALT_RESPONSE","qu_kw_ ea_E_  m_m_","kw","E","m","","","","kwEm","kwEm"
"squean","Tr03","VC3","C","s_s_ qu_kw_ ea_E_ n_n_","ALT_RESPONSE","s_s_ qu_kw_ ea_E_ n_n_","s","kw","E","n","","","skwEn","skwEn"
"swean","Tr03","VC3","C","s_s_ w_w_ ea_E_ n_n_","ALT_RESPONSE","s_s_ w_w_ ea_E_ n_n_","s","w","E","n","","","swEn","swEn"
"gleap","Tr03","VC3","C","g_g_ l_l_ ea_E_ p_p_","ALT_RESPONSE","g_g_ l_l_ ea_E_ p_p_","g","l","E","p","","","glEp","glEp"
"chead","Tr03","VC3","E","ch_tS_ ea_E_ d_d_","ALT_RESPONSE","ch_tS_ ea_E_ d_d_","tS","E","d","","","","tSEd","QEd"
"clead","Tr03","VC3","E","c_k_ l_l_ ea_E_ d_d_","ALT_RESPONSE","c_k_ l_l_ ea_E_ d_d_","k","l","E","d","","","klEd","klEd"
"glead","Tr03","VC3","E","g_g_ l_l_ ea_E_ d_d_","ALT_RESPONSE","g_g_ l_l_ ea_E_ d_d_","g","l","E","d","","","glEd","glEd"
"pread","Tr03","VC3","E","p_p_ r_r_ ea_E_ d_d_","ALT_RESPONSE","p_p_ r_r_ ea_E_ d_d_","p","r","E","d","","","prEd","prEd"
"quead","Tr03","VC3","E","qu_kw_ ea_E_ d_d_","ALT_RESPONSE","qu_kw_ ea_E_ d_d_","kw","E","d","","","","kwEd","kwEd"
"splead","Tr03","VC3","E","s_s_ p_p_ l_l_ ea_E_ d_d_","ALT_RESPONSE","s_s_ p_p_ l_l_ ea_E_ d_d_","s","p","l","E","d","","splEd","splEd"
"squead","Tr03","VC3","E","s_s_ qu_kw_ ea_E_ d_d_","ALT_RESPONSE","s_s_ qu_kw_ ea_E_ d_d_","s","kw","E","d","","","skwEd","skwEd"
"stread","Tr03","VC3","E","s_s_ t_t_ r_r_ ea_E_ d_d_","ALT_RESPONSE","s_s_ t_t_ r_r_ ea_E_ d_d_","s","t","r","E","d","","strEd","strEd"
"swead","Tr03","VC3","E","s_s_ w_w_ ea_E_ d_d_","ALT_RESPONSE","s_s_ w_w_ ea_E_ d_d_","s","w","E","d","","","swEd","swEd"
"yead","Tr03","VC3","E","y_j_ ea_E_ d_d_","ALT_RESPONSE","y_j_ ea_E_ d_d_","j","E","d","","","","jEd","jEd"
"brilt","Tr03","VC4","C","b_b_ r_r_ i_aI_  l_5_ t_t_","ALT_RESPONSE","b_b_ r_r_ i_aI_  l_5_ t_t_","b","r","aI","5","t","","braI5t","br95t"
"snilt","Tr03","VC4","C","s_s_ n_n_ i_aI_  l_5_ t_t_","ALT_RESPONSE","s_s_ n_n_ i_aI_  l_5_ t_t_","s","n","aI","5","t","","snaI5t","sn95t"
"swilt","Tr03","VC4","C","s_s_ w_w_ i_aI_  l_5_ t_t_","ALT_RESPONSE","s_s_ w_w_ i_aI_  l_5_ t_t_","s","w","aI","5","t","","swaI5t","sw95t"
"ilt","Tr03","VC4","C"," i_aI_  l_5_ t_t_","ALT_RESPONSE"," i_aI_  l_5_ t_t_","aI","5","t","","","","aI5t","95t"
"chint","Tr03","VC4","C","ch_tS_ i_aI_ n_n_ t_t_","ALT_RESPONSE","ch_tS_ i_aI_ n_n_ t_t_","tS","aI","n","t","","","tSaInt","Q9nt"
"crint","Tr03","VC4","C","c_k_ r_r_ i_aI_ n_n_ t_t_","ALT_RESPONSE","c_k_ r_r_ i_aI_ n_n_ t_t_","k","r","aI","n","t","","kraInt","kr9nt"
"drint","Tr03","VC4","C","d_d_ r_r_ i_aI_ n_n_ t_t_","ALT_RESPONSE","d_d_ r_r_ i_aI_ n_n_ t_t_","d","r","aI","n","t","","draInt","dr9nt"
"shrint","Tr03","VC4","C","sh_S_ r_r_ i_aI_ n_n_ t_t_","ALT_RESPONSE","sh_S_ r_r_ i_aI_ n_n_ t_t_","S","r","aI","n","t","","SraInt","Sr9nt"
"slint","Tr03","VC4","C","s_s_ l_l_ i_aI_ n_n_ t_t_","ALT_RESPONSE","s_s_ l_l_ i_aI_ n_n_ t_t_","s","l","aI","n","t","","slaInt","sl9nt"
"smint","Tr03","VC4","C","s_s_ m_m_ i_aI_ n_n_ t_t_","ALT_RESPONSE","s_s_ m_m_ i_aI_ n_n_ t_t_","s","m","aI","n","t","","smaInt","sm9nt"
"brild","Tr03","VC4","E","b_b_ r_r_ i_aI_ l_5_ d_d_","ALT_RESPONSE","b_b_ r_r_ i_aI_ l_5_ d_d_","b","r","aI","5","d","","braI5d","br95d"
"snild","Tr03","VC4","E","s_s_ n_n_ i_aI_ l_5_ d_d_","ALT_RESPONSE","s_s_ n_n_ i_aI_ l_5_ d_d_","s","n","aI","5","d","","snaI5d","sn95d"
"swild","Tr03","VC4","E","s_s_ w_w_ i_aI_ l_5_ d_d_","ALT_RESPONSE","s_s_ w_w_ i_aI_ l_5_ d_d_","s","w","aI","5","d","","swaI5d","sw95d"
"ild","Tr03","VC4","E"," i_aI_ l_5_ d_d_","ALT_RESPONSE"," i_aI_ l_5_ d_d_","aI","5","d","","","","aI5d","95d"
"chind","Tr03","VC4","E","ch_tS_ i_aI_  n_n_ d_d_","ALT_RESPONSE","ch_tS_ i_aI_  n_n_ d_d_","tS","aI","n","d","","","tSaInd","Q9nd"
"crind","Tr03","VC4","E","c_k_ r_r_ i_aI_  n_n_ d_d_","ALT_RESPONSE","c_k_ r_r_ i_aI_  n_n_ d_d_","k","r","aI","n","d","","kraInd","kr9nd"
"drind","Tr03","VC4","E","d_d_ r_r_ i_aI_  n_n_ d_d_","ALT_RESPONSE","d_d_ r_r_ i_aI_  n_n_ d_d_","d","r","aI","n","d","","draInd","dr9nd"
"shrind","Tr03","VC4","E","sh_S_ r_r_ i_aI_  n_n_ d_d_","ALT_RESPONSE","sh_S_ r_r_ i_aI_  n_n_ d_d_","S","r","aI","n","d","","SraInd","Sr9nd"
"slind","Tr03","VC4","E","s_s_ l_l_ i_aI_  n_n_ d_d_","ALT_RESPONSE","s_s_ l_l_ i_aI_  n_n_ d_d_","s","l","aI","n","d","","slaInd","sl9nd"
"smind","Tr03","VC4","E","s_s_ m_m_ i_aI_  n_n_ d_d_","ALT_RESPONSE","s_s_ m_m_ i_aI_  n_n_ d_d_","s","m","aI","n","d","","smaInd","sm9nd"
"brond","Tr03","VC5","C","b_b_ r_r_ o_ou_  n_n_ d_d_","ALT_RESPONSE","b_b_ r_r_ o_ou_  n_n_ d_d_","b","r","ou","n","d","","bround","br8nd"
"chond","Tr03","VC5","C","ch_tS_ o_ou_  n_n_ d_d_","ALT_RESPONSE","ch_tS_ o_ou_  n_n_ d_d_","tS","ou","n","d","","","tSound","Q8nd"
"crond","Tr03","VC5","C","c_k_ r_r_ o_ou_  n_n_ d_d_","ALT_RESPONSE","c_k_ r_r_ o_ou_  n_n_ d_d_","k","r","ou","n","d","","kround","kr8nd"
"jond","Tr03","VC5","C","j_dZ_ o_ou_  n_n_ d_d_","ALT_RESPONSE","j_dZ_ o_ou_  n_n_ d_d_","dZ","ou","n","d","","","dZound","J8nd"
"prond","Tr03","VC5","C","p_p_ r_r_ o_ou_  n_n_ d_d_","ALT_RESPONSE","p_p_ r_r_ o_ou_  n_n_ d_d_","p","r","ou","n","d","","pround","pr8nd"
"gont","Tr03","VC5","C","g_g_ o_ou_ n_n_ t_t_","ALT_RESPONSE","g_g_ o_ou_ n_n_ t_t_","g","ou","n","t","","","gount","g8nt"
"nont","Tr03","VC5","C","n_n_ o_ou_ n_n_ t_t_","ALT_RESPONSE","n_n_ o_ou_ n_n_ t_t_","n","ou","n","t","","","nount","n8nt"
"pont","Tr03","VC5","C","p_p_ r_r_ o_ou_ n_n_ t_t_","ALT_RESPONSE","p_p_ r_r_ o_ou_ n_n_ t_t_","p","r","ou","n","t","","prount","pr8nt"
"ront","Tr03","VC5","C","r_r_ o_ou_ n_n_ t_t_","ALT_RESPONSE","r_r_ o_ou_ n_n_ t_t_","r","ou","n","t","","","rount","r8nt"
"sont","Tr03","VC5","C","s_s_ o_ou_ n_n_ t_t_","ALT_RESPONSE","s_s_ o_ou_ n_n_ t_t_","s","ou","n","t","","","sount","s8nt"
"brold","Tr03","VC5","E","b_b_ r_r_ o_ou_  l_5_ d_d_","ALT_RESPONSE","b_b_ r_r_ o_ou_  l_5_ d_d_","b","r","ou","5","d","","brou5d","br85d"
"chold","Tr03","VC5","E","ch_tS_ o_ou_  l_5_ d_d_","ALT_RESPONSE","ch_tS_ o_ou_  l_5_ d_d_","tS","ou","5","d","","","tSou5d","Q85d"
"crold","Tr03","VC5","E","c_k_ r_r_ o_ou_  l_5_ d_d_","ALT_RESPONSE","c_k_ r_r_ o_ou_  l_5_ d_d_","k","r","ou","5","d","","krou5d","kr85d"
"jold","Tr03","VC5","E","j_dZ_ o_ou_  l_5_ d_d_","ALT_RESPONSE","j_dZ_ o_ou_  l_5_ d_d_","dZ","ou","5","d","","","dZou5d","J85d"
"prold","Tr03","VC5","E","p_p_ r_r_ o_ou_  l_5_ d_d_","ALT_RESPONSE","p_p_ r_r_ o_ou_  l_5_ d_d_","p","r","ou","5","d","","prou5d","pr85d"
"golt","Tr03","VC5","E","g_g_ o_ou_  l_5_ t_t_","ALT_RESPONSE","g_g_ o_ou_  l_5_ t_t_","g","ou","5","t","","","gou5t","g85t"
"nolt","Tr03","VC5","E","n_n_ o_ou_  l_5_ t_t_","ALT_RESPONSE","n_n_ o_ou_  l_5_ t_t_","n","ou","5","t","","","nou5t","n85t"
"polt","Tr03","VC5","E","p_p_ r_r_ o_ou_  l_5_ t_t_","ALT_RESPONSE","p_p_ r_r_ o_ou_  l_5_ t_t_","p","r","ou","5","t","","prou5t","pr85t"
"rolt","Tr03","VC5","E","r_r_ o_ou_  l_5_ t_t_","ALT_RESPONSE","r_r_ o_ou_  l_5_ t_t_","r","ou","5","t","","","rou5t","r85t"
"solt","Tr03","VC5","E","s_s_ o_ou_  l_5_ t_t_","ALT_RESPONSE","s_s_ o_ou_  l_5_ t_t_","s","ou","5","t","","","sou5t","s85t"
"cloom","Tr03","VC6","C","c_k_ l_l_ oo_U m_m_","ALT_RESPONSE","c_k_ l_l_ oo_U_ m_m_","k","l","U","m","","","klUm","klUm"
"poom","Tr03","VC6","C","p_p_ oo_U m_m_","ALT_RESPONSE","p_p_ oo_U_ m_m_","p","U","m","","","","pUm","pUm"
"proom","Tr03","VC6","C","p_p_ r_r_ oo_U m_m_","ALT_RESPONSE","p_p_ r_r_ oo_U_ m_m_","p","r","U","m","","","prUm","prUm"
"sloom","Tr03","VC6","C","s_s_ l_l_ oo_U m_m_","ALT_RESPONSE","s_s_ l_l_ oo_U_ m_m_","s","l","U","m","","","slUm","slUm"
"bloon","Tr03","VC6","C","b_b_ l_l_ oo_U n_n_","ALT_RESPONSE","b_b_ l_l_ oo_U_ n_n_","b","l","U","n","","","blUn","blUn"
"droon","Tr03","VC6","C","d_d_ r_r_ oo_U n_n_","ALT_RESPONSE","d_d_ r_r_ oo_U_ n_n_","d","r","U","n","","","drUn","drUn"
"gloon","Tr03","VC6","C","g_g_ l_l_ oo_U n_n_","ALT_RESPONSE","g_g_ l_l_ oo_U_ n_n_","g","l","U","n","","","glUn","glUn"
"groon","Tr03","VC6","C","g_g_ r_r_ oo_U n_n_","ALT_RESPONSE","g_g_ r_r_ oo_U_ n_n_","g","r","U","n","","","grUn","grUn"
"ploon","Tr03","VC6","C","p_p_ l_l_ oo_U n_n_","ALT_RESPONSE","p_p_ l_l_ oo_U_ n_n_","p","l","U","n","","","plUn","plUn"
"troon","Tr03","VC6","C","t_t_ r_r_  oo_U n_n_","ALT_RESPONSE","t_t_ r_r_  oo_U_ n_n_","t","r","U","n","","","trUn","trUn"
"blook","Tr03","VC6","E","b_b_ l_l_ oo_U k_k_","ALT_RESPONSE","b_b_ l_l_ oo_U_ k_k_","b","l","U","k","","","blUk","blUk"
"clook","Tr03","VC6","E","c_k_ l_l_ oo_U k_k_","ALT_RESPONSE","c_k_ l_l_ oo_U_ k_k_","k","l","U","k","","","klUk","klUk"
"drook","Tr03","VC6","E","d_d_ r_r_ oo_U k_k_","ALT_RESPONSE","d_d_ r_r_ oo_U_ k_k_","d","r","U","k","","","drUk","drUk"
"glook","Tr03","VC6","E","g_g_ l_l_ oo_U k_k_","ALT_RESPONSE","g_g_ l_l_ oo_U_ k_k_","g","l","U","k","","","glUk","glUk"
"grook","Tr03","VC6","E","g_g_ r_r_ oo_U k_k_","ALT_RESPONSE","g_g_ r_r_ oo_U_ k_k_","g","r","U","k","","","grUk","grUk"
"pook","Tr03","VC6","E","p_p_ oo_U k_k_","ALT_RESPONSE","p_p_ oo_U_ k_k_","p","U","k","","","","pUk","pUk"
"plook","Tr03","VC6","E","p_p_ l_l_ oo_U k_k_","ALT_RESPONSE","p_p_ l_l_ oo_U_ k_k_","p","l","U","k","","","plUk","plUk"
"prook","Tr03","VC6","E","p_p_ r_r_ oo_U k_k_","ALT_RESPONSE","p_p_ r_r_ oo_U_ k_k_","p","r","U","k","","","prUk","prUk"
"slook","Tr03","VC6","E","s_s_ l_l_ oo_U k_k_","ALT_RESPONSE","s_s_ l_l_ oo_U_ k_k_","s","l","U","k","","","slUk","slUk"
"trook","Tr03","VC6","E","t_t_ r_r_ oo_U k_k_","ALT_RESPONSE","t_t_ r_r_ oo_U_ k_k_","t","r","U","k","","","trUk","trUk"
"  fesh","Tr90",NA,"H","f_f_  e_E_ sh_S_","CORR_RESPONSE","f_f_  e_E_ sh_S_","f","E","S","","","","fES","fES"
"  fip","Tr90",NA,"H","f_f_  i_I_ p_p_","CORR_RESPONSE","f_f_  i_I_ p_p_","f","I","p","","","","fIp","fIp"
"  foop","Tr90",NA,"H","f_f_  oo_u_ p_p_","CORR_RESPONSE","f_f_  oo_u_ p_p_","f","u","p","","","","fup","fup"
"  foud","Tr90",NA,"H","f_f_   ou_aU_ d_d_","CORR_RESPONSE","f_f_   ou_aU_ d_d_","f","aU","d","","","","faUd","f7d"
"  goach","Tr90",NA,"H","g_g_   oa_ou_ ch_tS_","CORR_RESPONSE","g_g_   oa_ou_ ch_tS_","g","ou","tS","","","","goutS","g8Q"
"  hain","Tr90",NA,"H","h_h_   ai_e_ n_n_","CORR_RESPONSE","h_h_   ai_e_ n_n_","h","e","n","","","","hen","hen"
"  joal","Tr90",NA,"H","j_dZ_   oa_ou_ l_5_","CORR_RESPONSE","j_dZ_   oa_ou_ l_5_","dZ","ou","5","","","","dZou5","J85"
"  jub","Tr90",NA,"H","j_dZ_   u_V_ b_b_","CORR_RESPONSE","j_dZ_   u_V_ b_b_","dZ","V","b","","","","dZVb","JVb"
"  juck","Tr90",NA,"H","j_dZ_    u_V_ ck_k_","CORR_RESPONSE","j_dZ_    u_V_ ck_k_","dZ","V","k","","","","dZVk","JVk"
"  lef","Tr90",NA,"H","l_l_   e_E_ f_f_","CORR_RESPONSE","l_l_   e_E_ f_f_","l","E","f","","","","lEf","lEf"
"  losh","Tr90",NA,"H","l_l_   o_A_ sh_S_","CORR_RESPONSE","l_l_   o_A_ sh_S_","l","A","S","","","","lAS","lAS"
"  lum","Tr90",NA,"H","l_l_  u_V_ m_m_","CORR_RESPONSE","l_l_  u_V_ m_m_","l","V","m","","","","lVm","lVm"
"  meep","Tr90",NA,"H","m_m_  ee_i_ p_p_","CORR_RESPONSE","m_m_  ee_i_ p_p_","m","i","p","","","","mip","mip"
"  peef","Tr90",NA,"H","p_p_   ee_i_ f_f_","CORR_RESPONSE","p_p_   ee_i_ f_f_","p","i","f","","","","pif","pif"
"  pog","Tr90",NA,"H","p_p_   o_A_ g_g_","CORR_RESPONSE","p_p_   o_A_ g_g_","p","A","g","","","","pAg","pAg"
"  sug","Tr90",NA,"H","s_s_  u_V_ g_g_","CORR_RESPONSE","s_s_  u_V_ g_g_","s","V","g","","","","sVg","sVg"
"  tain","Tr90",NA,"H","t_t_  ai_e_ n_n_","CORR_RESPONSE","t_t_  ai_e_ n_n_","t","e","n","","","","ten","ten"
"  vag","Tr90",NA,"H","v_v_   a_a_ g_g_","CORR_RESPONSE","v_v_   a_a_ g_g_","v","a","g","","","","vag","vag"
"  veed","Tr90",NA,"H","v_v_  ee_i_ d_d_","CORR_RESPONSE","v_v_  ee_i_ d_d_","v","i","d","","","","vid","vid"
"  vess","Tr90",NA,"H","v_v_  e_E_ ss_s_","CORR_RESPONSE","v_v_  e_E_ ss_s_","v","E","s","","","","vEs","vEs"
"  yoal","Tr90",NA,"H","y_j_   oa_ou_ l_5_","CORR_RESPONSE","y_j_   oa_ou_ l_5_","j","ou","5","","","","jou5","j85"
" chail","Tr90",NA,"H","ch_tS_   ai_e_ l_5_","CORR_RESPONSE","ch_tS_   ai_e_ l_5_","tS","e","5","","","","tSe5","Qe5"
" cheed","Tr90",NA,"H","ch_tS_  ee_i_ d_d_","CORR_RESPONSE","ch_tS_  ee_i_ d_d_","tS","i","d","","","","tSid","Qid"
" chob","Tr90",NA,"H","ch_tS_  o_A_ b_b_","CORR_RESPONSE","ch_tS_  o_A_ b_b_","tS","A","b","","","","tSAb","QAb"
"  fep","Tr90",NA,"L","f_f_   e_E_ p_p_","CORR_RESPONSE","f_f_   e_E_ p_p_","f","E","p","","","","fEp","fEp"
"  fiss","Tr90",NA,"L","f_f_  i_I_ ss_s_","CORR_RESPONSE","f_f_  i_I_ ss_s_","f","I","s","","","","fIs","fIs"
"  fod","Tr90",NA,"L","f_f_  o_A_ d_d_","CORR_RESPONSE","f_f_  o_A_ d_d_","f","A","d","","","","fAd","fAd"
"  foon","Tr90",NA,"L","f_f_   oo_u_ n_n_","CORR_RESPONSE","f_f_   oo_u_ n_n_","f","u","n","","","","fun","fun"
"  goan","Tr90",NA,"L","g_g_   oa_ou_ n_n_","CORR_RESPONSE","g_g_   oa_ou_ n_n_","g","ou","n","","","","goun","g8n"
"  haip","Tr90",NA,"L","h_h_ ai_e_ p_p_","CORR_RESPONSE","h_h_ ai_e_ p_p_","h","e","p","","","","hep","hep"
"  jeeb","Tr90",NA,"L","j_dZ_  ee_i_ b_b_","CORR_RESPONSE","j_dZ_  ee_i_ b_b_","dZ","i","b","","","","dZib","Jib"
"  juf","Tr90",NA,"L","j_dZ_  u_V_ f_f_","CORR_RESPONSE","j_dZ_  u_V_ f_f_","dZ","V","f","","","","dZVf","JVf"
"  jul","Tr90",NA,"L","j_dZ_  u_@_ l_5_","CORR_RESPONSE","j_dZ_  u_@_ l_5_","dZ","@","5","","","","dZ@5","J@5"
"  leck","Tr90",NA,"L","l_l_  e_E_ ck_k_","CORR_RESPONSE","l_l_  e_E_ ck_k_","l","E","k","","","","lEk","lEk"
"  leem","Tr90",NA,"L","l_l_  ee_i_ m_m_","CORR_RESPONSE","l_l_  ee_i_ m_m_","l","i","m","","","","lim","lim"
"  loash","Tr90",NA,"L","l_l_ oa_ou sh_S_","CORR_RESPONSE","l_l_ oa_ou_ sh_S_","l","ou","S","","","","louS","l8S"
"  meesh","Tr90",NA,"L","m_m_ ee_i_ sh_S_","CORR_RESPONSE","m_m_ ee_i_ sh_S_","m","i","S","","","","miS","miS"
"  paf","Tr90",NA,"L","p_p_ a_a_  f_f_","CORR_RESPONSE","p_p_ a_a_  f_f_","p","a","f","","","","paf","paf"
"  paig","Tr90",NA,"L","p_p_  ai_e_ g_g_","CORR_RESPONSE","p_p_  ai_e_ g_g_","p","e","g","","","","peg","peg"
"  soag","Tr90",NA,"L","s_s_ oa_ou_ g_g_","CORR_RESPONSE","s_s_ oa_ou_ g_g_","s","ou","g","","","","soug","s8g"
"  taich","Tr90",NA,"L","t_t_ ai_e_ ch_tS_","CORR_RESPONSE","t_t_ ai_e_ ch_tS_","t","e","tS","","","","tetS","teQ"
"  veeg","Tr90",NA,"L","v_v_ ee_i_ g_g_","CORR_RESPONSE","v_v_ ee_i_ g_g_","v","i","g","","","","vig","vig"
"  vep","Tr90",NA,"L","v_v_   e_E_ p_p_","CORR_RESPONSE","v_v_   e_E_ p_p_","v","E","p","","","","vEp","vEp"
"  vud","Tr90",NA,"L","v_v_  u_V_ d_d_","CORR_RESPONSE","v_v_  u_V_ d_d_","v","V","d","","","","vVd","vVd"
"  yol","Tr90",NA,"L","y_j_  o_ou_ l_5","CORR_RESPONSE","y_j_  o_ou_ l_5_","j","ou","5","","","","jou5","j85"
" chol","Tr90",NA,"L","ch_tS_ o_ou_ l_5","CORR_RESPONSE","ch_tS_ o_ou_ l_5_","tS","ou","5","","","","tSou5","Q85"
" choub","Tr90",NA,"L","ch_tS_ ou_aU b_b_","CORR_RESPONSE","ch_tS_ ou_aU_ b_b_","tS","aU","b","","","","tSaUb","Q7b"
" chud","Tr90",NA,"L","ch_tS_   u_V_ d_d_","CORR_RESPONSE","ch_tS_   u_V_ d_d_","tS","V","d","","","","tSVd","QVd"
"keat","p20","p20","E","k_k_ ea_i_ t_t_","GP_RESPONSE","k_k_ ea_i_ t_t_","k","i","t","","","","kit","kit"
"keat","p20","p20","E","k_k_ ea_E_ t_t_","ALT_RESPONSE","k_k_ ea_E_ t_t_","k","E","t","","","","kEt","kEt"
"pove","p20","p20","E","p_p_ o~e_ou_ v_v_","GP_RESPONSE","p_p_ o~e_ou_ v_v_","p","ou","v","","","","pouv","p8v"
"pove","p20","p20","E","p_p_ o~e_V_ v_v_","ALT_RESPONSE","p_p_ o~e_V_ v_v_","p","V","v","","","","pVv","pVv"
"vown","p20","p20","E","v_v_ ow_aU_ n_n_","GP_RESPONSE","v_v_ ow_aU_ n_n_","v","aU","n","","","","vaUn","v7n"
"vown","p20","p20","E","v_v_ ow_ou_ n_n_","ALT_RESPONSE","v_v_ ow_ou_ n_n_","v","ou","n","","","","voun","v8n"
"wook","p20","p20","E","w_w_ oo_u_ k_k_","GP_RESPONSE","w_w_ oo_u_ k_k_","w","u","k","","","","wuk","wuk"
"wook","p20","p20","E","w_w_ oo_U_ k_k_","ALT_RESPONSE","w_w_ oo_U_ k_k_","w","U","k","","","","wUk","wUk"
"zow","p20","p20","E","z_z_ ow_aU_","GP_RESPONSE","z_z_ ow_aU_","z","aU","","","","","zaU","z7"
"zow","p20","p20","E","z_z_ ow_ou_","ALT_RESPONSE","z_z_ ow_ou_","z","ou","","","","","zou","z8"
"pown","p20","p20","E","p_p_ ow_aU_ n_n_","GP_RESPONSE","v_v_ ow_aU_ n_n_","v","aU","n","","","","vaUn","v7n"
"pown","p20","p20","E","p_p_ ow_ou_ n_n_","ALT_RESPONSE","v_v_ ow_ou_ n_n_","v","ou","n","","","","voun","v8n"
"zoot","p20","p20","E","z_z_ oo_u_ t_t_","GP_RESPONSE","z_z_ oo_u_ t_t_","z","u","t","","","","zut","zut"
"zoot","p20","p20","E","z_z_ oo_U_ t_t_","ALT_RESPONSE","z_z_ oo_U_ t_t_","z","U","t","","","","zUt","zUt"
"vead","p20","p20","E","v_v_ ea_i_ d_d_","GP_RESPONSE","v_v_ ea_i_ d_d_","v","i","d","","","","vid","vid"
"vead","p20","p20","E","v_v_ ea_E_ d_d_","ALT_RESPONSE","v_v_ ea_E_ d_d_","v","E","d","","","","vEd","vEd"
"vind","p20","p20","E","v_v_ i_I_ n_n_ d_d_","GP_RESPONSE","v_v_ i_I_ n_n_ d_d_","v","I","n","d","","","vInd","vInd"
"vind","p20","p20","E","v_v_ i_aI_ n_n_ d_d_","ALT_RESPONSE","v_v_ i_aI_ n_n_ d_d_","v","aI","n","d","","","vaInd","v9nd"
"sull","p20","p20","E","s_s_ u_V_ ll_5_","GP_RESPONSE","s_s_ u_V_ ll_5_","s","V","5","","","","sV5","sV5"
"sull","p20","p20","E","s_s_ u_U_ ll_5_","ALT_RESPONSE","s_s_ u_U_ ll_5_","s","U","5","","","","sU5","sU5"
"zove","p20","p20","E","z_z_ o~e_ou_ v_v_","GP_RESPONSE","z_z_ o~e_ou_ v_v_","z","ou","v","","","","zouv","z8v"
"zove","p20","p20","E","z_z_ o~e_V_ v_v_","ALT_RESPONSE","z_z_ o~e_V_ v_v_","z","V","v","","","","zVv","zVv"
"zull","p20","p20","E","z_z_ u_V_ ll_5_","GP_RESPONSE","z_z_ u_V_ ll_5_","z","V","5","","","","zV5","zV5"
"zull","p20","p20","E","z_z_ u_U_ ll_5_","ALT_RESPONSE","z_z_ u_U_ ll_5_","z","U","5","","","","zU5","zU5"
"vut","p20","p20","E","v_v_ u_V_ t_t_","GP_RESPONSE","v_v_ u_V_ t_t_","v","V","t","","","","vVt","vVt"
"vut","p20","p20","E","v_v_ u_U_ t_t_","ALT_RESPONSE","v_v_ u_U_ t_t_","v","U","t","","","","vUt","vUt"
"jint","p20","p20","E","j_dZ_ i_I_ n_n_ t_t_","GP_RESPONSE","j_dZ_ i_I_ n_n_ t_t_","dZ","I","n","t","","","dZInt","JInt"
"jint","p20","p20","E","j_dZ_ i_aI_ n_n_ t_t_","ALT_RESPONSE","j_dZ_ i_aI_ n_n_ t_t_","dZ","aI","n","t","","","dZaInt","J9nt"
"zeat","p20","p20","E","z_z_ ea_i_ t_t_","GP_RESPONSE","z_z_ ea_i_ t_t_","z","i","t","","","","zit","zit"
"zeat","p20","p20","E","z_z_ ea_E_ t_t_","ALT_RESPONSE","z_z_ ea_E_ t_t_","z","E","t","","","","zEt","zEt"
"zint","p20","p20","E","z_z_ i_I_ n_n_ t_t_","GP_RESPONSE","z_z_ i_I_ n_n_ t_t_","z","I","n","t","","","zInt","zInt"
"zint","p20","p20","E","z_z_ i_aI_ n_n_ t_t_","ALT_RESPONSE","z_z_ i_aI_ n_n_ t_t_","z","aI","n","t","","","zaInt","z9nt"
"fow","p20","p20","E","f_f_ ow_aU_","GP_RESPONSE","f_f_ ow_aU_","f","aU","","","","","faU","f7"
"fow","p20","p20","E","f_f_ ow_ou_","ALT_RESPONSE","f_f_ ow_ou_","f","ou","","","","","fou","f8"
"vone","p20","p20","E","v_v_ o~e_ou_ n_n_","GP_RESPONSE","v_v_ o~e_ou_ n_n_","v","ou","n","","","","voun","v8n"
"vone","p20","p20","E","v_v_ o~e_V_ n_n_","ALT_RESPONSE","v_v_ o~e_V_ n_n_","v","V","n","","","","vVn","vVn"
"nind","p20","p20","E","n_n_ i_I_ n_n_ d_d_","GP_RESPONSE","n_n_ i_I_ n_n_ d_d_","n","I","n","d","","","nInd","nInd"
"nind","p20","p20","E","n_n_ i_aI_ n_n_ d_d_","ALT_RESPONSE","n_n_ i_aI_ n_n_ d_d_","n","aI","n","d","","","naInd","n9nd"
"jook","p20","p20","E","j_dZ_ oo_u_ k_k_","GP_RESPONSE","j_dZ_ oo_u_ k_k_","dZ","u","k","","","","dZuk","Juk"
"jook","p20","p20","E","j_dZ_ oo_U_ k_k_","ALT_RESPONSE","j_dZ_ oo_U_ k_k_","dZ","U","k","","","","dZUk","JUk"
"plone","p20","p20","E","p_p_ l_l_ o~e_ou_ n_n_","GP_RESPONSE","p_p_ l_l_ o~e_ou_ n_n_","p","l","ou","n","","","ploun","pl8n"
"plone","p20","p20","E","p_p_ l_l_ o~e_V_ n_n_","ALT_RESPONSE","p_p_ l_l_ o~e_V_ n_n_","p","l","V","n","","","plVn","plVn"
"dut","p20","p20","E","d_d_ u_V_ t_t_","GP_RESPONSE","d_d_ u_V_ t_t_","d","V","t","","","","dVt","dVt"
"dut","p20","p20","E","d_d_ u_U_ t_t_","ALT_RESPONSE","d_d_ u_U_ t_t_","d","U","t","","","","dUt","dUt"
"voot","p20","p20","E","v_v_ oo_u_ t_t_","GP_RESPONSE","v_v_ oo_u_ t_t_","v","u","t","","","","vut","vut"
"voot","p20","p20","E","v_v_ oo_U_ t_t_","ALT_RESPONSE","v_v_ oo_U_ t_t_","v","U","t","","","","vUt","vUt"
"jead","p20","p20","E","j_dZ_ ea_i_ d_d_","GP_RESPONSE","j_dZ_ ea_i_ d_d_","dZ","i","d","","","","dZid","Jid"
"jead","p20","p20","E","j_dZ_ ea_E_ d_d_","ALT_RESPONSE","j_dZ_ ea_E_ d_d_","dZ","E","d","","","","dZEd","JEd"
